text,label
men and women are not equal.  irrational contrary belief and policy only result in mounting failure.,0
I'm very sad about this fucking situation with all this muslims,0
You look like someone who would do an electric wheelchair race with Stephen Hawking.,0
"You can ask me to call you a male, but you'll always be a woman",0
"Yo, if I'm going to hell for being homosexual, why did god make me like this?",0
"Why are people so dumb? The police were yelling at everyone to get out of the area yet people just stood there or recorded, guess they want to die.",0
White police officers are always the victims.,0
WHAT THE FUCK IS THIS ??!????! Disgusting! Absolutely disgusted and disappointed in Today's America.,0
Well..congratulations u loose one of ur subscriber.... shame on u guys u guys sick.,0
We need to exterminate people that subject children to such Perversion,0
We are repeating our past before it used to Germany and Jews now its China and Muslims,0
"Trumps a liar and an idiot, a douche bag , Narcissist, and Zionist boot licker.",0
"Those illegals want to sue the company for money owed. What about the money they owe† America. It cost money to educated, medical care, welfare, ect.",0
"this women has to be some sort of psychopath but it goes both ways, if either a male or a female are in a toxic relationship they need to get help, the sooner the better.",0
This people are treating women like dogs!!!!!!,0
This fuckhead makes me ashamed of being Jewish. Shit people like him are destroying everything †,0
This cop had to get him under arrest for walking like that freely out in public. Problematics must be stay home locked. Sue her parents.,0
They'll get to know homosexuality anyways. I don't get what's wrong with most of the people nowadays. If you don't teach about homosexuality then stop teaching about heterosexuality also.,0
"there's nowhere in the world where woman are equal. how about in all the places where they are president or prime minister or queen... how about in America, Australia, Canada, Britain, Scandinavia, France... shall I go on? Like honestly woman u live in an equal world. Stop being so self-obsessed and stop refusing to look at the facts. Women are already equal to men and have been for a long time.",0
There was one facility opened in the US to provide shelter for abused men. Feminist protested until it was closed. Now there are none.,0
"There is more history of men hitting women with no provocations. So, that is where the ""no hitting women"" comes from. Ijs...let's be real. However, I have never hit a man or kicked him in the balls. I'm from the school of ""you hit me, imma hit you back""! Man, woman, child you can get it. And trust ima TRY to hit you harder than you hit me bc, you dont want this smoke. However, I do not stand with women hitting men and not EXPECTING retaliation. That's wack. Put your grown panties on and take the consequences. Slaps, punches and especially ball kicking should only be used to get away from an attack, not a reason to prove your point or your emotions.¬† I dont think this is about equality bc men/women can be douches! This is about an equal response to a unprovoked attack against ANY GENDER.",0
There are the most Evil realigion than Cristian right now Europe american and Asia and Australia as puertorican they are discusting mind craquers as a San Bernardian bravo Mr president,0
The wheelchaired woman was actually scary,0
The safest most civilised society in the world - Japan - has banned Islam.. coincidence?,0
"The rotten, nasty bastards!",0
The next time I like up in front of one like him I will shout to his left ear that he is a trash and worthless! HAHAHHAA. I know I'm a bad man. IM BADMAN,0
Thanks god at least you have music to pale the pain being blind. Oh what you can't hear too. Haha,0
"Sorry but black Americans are more in danger than homosexuals. Homosexuals have so much privilege now. More than African Americans, Latinos, Arabs.",0
"Something I hate about being bisexual..people always say your either gay or your straight,bisexual isn't a real thing SHUT DA FUQ UP IT IS A REAL THING",0
Should have been sterilised upon arrival. Now your future doesn't exist.,0
She said she is crazy loving her God. Well she is literally crazy then. I can relief her of her life.,0
Send em home in a metal crate. They're on probation for 20 years. Crime? Straight home. Too many kids? Straight home. Bye.,0
Poor women,0
People with barbaric cultures and desert religions are all the same.,0
"People who say ""YAAAASSSS QUEEN"" should be sterilised",0
People changing their genders left and right and i cant even decide on a tattoo,0
"People are genuinely good, we just learned to hate. when Europe was all white and christian they killed each other, the same happened to the Muslim world",0
Now where are the feminists accusing of woman as demons abusing women all the time??,0
Now the sea is filled with disgusting dead filth like them. Ruined my Mediterranean vacations,0
Michael Jackson sick man and sick fans.,0
LOVE IS LOVE!!! God excepts everyone. And when I mean everyone I mean everyone I'm a Christian and pan sexual I respect every single person in the lgbtq+ community.,0
Lol I'm Korean and most of the Koreans I know do not look anything like that drawing... Many don' have square faces.. You can see the diversity of Korean faces when the answers are revealed at the end. I find this video esp. the initial commentary to be pretty biased as it's ethnically Chinese people telling YouTube how to tell Asians apart. Asians are some of the most racist people to other Asians...,0
Lesbian chewbacca,0
"Just shoot her, one less of them to have to deal with in the future.",0
It's not genderless they just look like GIRLS,0
Isn't it awkward that only women work on public services? #lowIQ,0
Is this guy actually autistic or Is he faking it,0
In that case we should hire more women. Because we can them lesser and get a profit.,0
If you are not masculine then you are woman dude,0
"If you are a fking queen, you can move in any direction. So please move away from the camera that was used to take this picture. That applies to every women",0
"If white people are gone from this earth, we will go directly back to stone age. Not even kidding",0
"If these men come to Norway to seek liberty and human rights, then they have to respect women and their rights. Norway people you dont have to show pity by accepting these kind of people into your country",0
if god hates lgbt members so much than why did he make these people? i mean look at jesus he had 2 dads and he turned out perfectly fine.,0
Id beat the fuck out of his ass if he wasnt an actor,0
I'm sure this woman widows to have aborted this monster of a child. It hits her while she is helping him on living his life,0
I'll take feminists seriously when they start talking about sending only women into combat until the amount of women and men killed and wounded in battle are exactly the same.  Because it's all about equality right?,0
I'd love to destroy him but I am in more need of tech support.,0
I propose suicide for evert politician,0
"I don't hate those kids with these problems, but I'm just saying I feel very ver uncomfortable around them. They are weirdos. Don't like them. Please god make my child a healthy and good one",0
I am white and I go to a school whare it is mostly black kids and I was made fun of just because of skin my best friend's mom dose not like me because I am white so .... I had to change schools,0
Humiliating this Str8 guy. str8 guys like him doing dumb things,0
how the fuck do you have a million subscribers you fucking twat,0
Holy shit! Kill them all !,0
He is complaining his rights are violated well maybe he shouldn' have come uninvited in our country,0
Fuck him and his prophet,0
Fat bastard we won' forget you. Vets will kick your ass when caught,0
Faggot. You're probably a fatass too.,0
Deport him in military aircraft and dump him back where he is originated from. Him and his family,0
Congratulations. You figured out you were a moron and decided not to be a moron anymore. You're a freakin hero.,0
citronella is a great venezuelan repellent,0
Brown people love white countries,0
Bro just delete yo shit off YouTube rn. Fuck outta here with yo clout chasing ass.,0
"As a black person, I think that rappers should stop putting the n-word in the song. Plus, you should be proud of being White. I am proud of being black, so..",0
Anyone who can' cope as the gender they are born needs SERIOUS psychological therapy!!!,0
Anxiety is is the definition of a human meme. Anxiety disorders are an excuse. No such thing.,0
all those dislikes are from fucking homophopes,0
"All theses people talking about Nigeria, since when have they cared about nigeria? They find it now to care about Nigeria to be relevenat, those who were killed were farmers and Nigeria is living peacefully with it's Muslims. Sure there are terrorist attacks every now and then, but we must remember that those who do kill the innocent are not Muslims.† Many terrorists or groups use religion as an excuse. How come Isis are killing their own people? How come Iraqi forces are trying to drive isis Muslims out? Why? Cause they are scum who are not Muslims.",0
"All these problems men have, and no one will ever care.",0
All asian people look identical to this one. He is the mother of Asia,0
everyone wins yeah except for the little girls you're trying to rape,0
¬†Sorry that I was born as an Indian...†,0
"I support trans people's rights to be free of discrimination, but biological males should not be allowed to compete against women in athletic competitions",0
With her nose she can detect an immigration officer from 70 yards,0
you should be allowed to be gay you should also be allowed to hate gay people thats freedom i can be myself and people can hate me for it i believe it is my full right to jack off to chris hemsworth and i believe it is a businesss right to not serve me for that it might not be right but its fair and freedom doesnt discriminate on ethics,0
You said he but still not convinced this is a male. A sorely lost hipster girl maybe though,0
Wow does ur mom know how gay u are,0
"Women cannot create children, only men can do that. Women can bear children.",0
What the fuck stupid people !!!,0
this the type of dude you see on chat roulette at 2:39am,0
They should have beat his ass. He deserves it.,0
"I don't see why we don't just create a transgender category. Seems the most obvious and fair solution. Great athletes will still compete. And the playing field will be as level as can be. I mean we create weight categories to maximise the fairness of boxing/mma fights. We recognise that just because two people are both male they compete at different levels. We can do the same for transgender athletes, surely?",0
"You guys I fell so bad, I hope this don't happen again. Im a Islam",0
You cannot take my gun from home. My gun is my protection. I will kill everyone who tries to enter my home without my approval,0
You are fat and ugly. I suppose that makes you fugly :),0
"Yet there is vastly more money spent on breast cancer, than prostate cancer, this is lethal discrimination.",0
Why are you still on the air? Shit,0
What would the abuser doing to her around the neck? Stupid dick (the abuser),0
Well this is like exactly how I feel. Except I don't want to be straight.,0
WE HATE OUR LEADERS. LEARN FROM EROPEANS AND LEARN FROM AMERICANS. THEY ARE BETTER THAN OUR LEADERS.WE ARE NOT ELECTING GOOD LEADRES WE ARE ELECTING CRIMINALS.,0
We are proud to be an Indian Muslim,0
"To the lady that can barely speak English and then look down upon her own people, that's disgraceful.",0
this is probably the first time I've seen someone who looks like a child and pedophile at the same time,0
They don't clean up the rubbish that they all throw on the floor the place looks a mess.,0
"They are violent fucking savages what the fuck did you think would happen? We wont be thrown around, this is our continent and our responsibility to preserve.",0
These people do not represent Islam!!,0
These girls are so pretty seriously. Being autistic is such an interesting experience and I am happy to be autistic!,0
"There are no traditional German values. Germany was unified very late, so regional values and traditions still rank higher than modern ""German"" values.",0
The Resistance avenge women and children killed by US and Allies !!!,0
the only thing that annoys me is noisy neighbours and their music.,0
"The mountain is near the black sea, no wonder we are called caucasian",0
"The lady on sitting on the left, with the yellow jacket, is the epitome of a ""smart retard"".",0
the girl in glasses is so freaking cute! what's her channel??,0
"The fear of approaching a girl while not being a lesbian is so real. You're spot on. You want to be flirty and everything but at the back of your head you always have ""what if she's not cool with me not being a lesbian"". I'm pan, but I kinda gave up on relationships with women (both born women and trans women) quite some time ago, because the amount of ""you're gonna leave me for a guy"", or constant ""are you sure you like girls and it's not a phase?"" or ""I can' be with someone who is not true to themselves (as in I'm actually a lesbian but I don' want to admit it)"" and other bs was just too much. They were never worried about another woman btw, it was always either about men or questioning validity of my sexuality. It's really quite sad, because other than that each of my exes were really strong, confident women. Except when it was about my sexuality.",0
"The fact that shes only representing black lives seems kinda ironic to me. lol shouldnt it be all lives Not just black ones. She clearly thinks her race is more supirior she even admits shes racist, joking or not thats the only fact she said in the whole video.",0
"That's wrong! Even though they disagree with her beliefs, they have no right to put their hands on a woman",0
that was scripted right? please let that be scripted. No real human would have said any of those things,0
That is a lot of really dumb people in one room. Wow,0
that girl who pushed her needs to pay personally for all the family's medical bills lol. only fair,0
"Thank you John, for sharing this experience with us, people. What I wanna say to refugees is, stay strong! Although our current president is... failing to help you, I will be there at Washington DC protesting for you. The people who suffered the most should be saved from evil!",0
Tell me where to ship this comfy electric chair for your kid,0
Syria war is over they can go back its safe now.,0
stupid dumb ass,0
STOP PUTTING THIS IN MY RECOMMEND WTF I'M NOT GAY,0
"So, in other words, women's rights are freedom from responsibility and men's rights are responsibility. Is she serious?",0
"So proud of you mom, wish Allah give you strong. Just saying Alhamdulillah to your husband and your son, Allah give them mercy with a beautifull died. I am not supprising that you did not crying, because both your son and your husband did not die, they still alive in jannah, aamiin...",0
So can I put a wig and run with girls?,0
"Sink the boats. After that, not our problem. They'll soon get the message.",0
Should've set a bug bomb off and locked them in,0
"seen the way the israelis treat the palestinians? slaughter on a weekly basis, very racist are the israelis to the point of genocide.",0
"Racism and nationalism is nothing but ignorance. Hence the hate, and cruelty",0
People with autism is so nice,0
"People get views of a religion from other people opinion and deeds, just focus on yourself. This business is between you and your god. People who say islam is not peace, that's wrong. God didn't want this, it's not mentioned anywhere.",0
Our home-grown animals are infinitely preferable.,0
One people. One nation. End migration.,0
Ok so where the hell this Terrorist get guns and ammos??,0
"Oh, I believe that 13 reasons why romanticises suicide. It's the ultimate expression of the high-drama line you will be sorry when I'm gone, and it's terrible. The suicide scene itself was disturbing, just not in the way it was probably intended to be. Thank you for this. I find that it's more difficult for real cases of mental illness to be taken seriously because of this stupid fad.",0
not true in saudia arabia women have freedom,0
My parents are homophobes. :(,0
"My God, the cancer is spreading",0
"Let kids be kids for fucks sake ,",0
It's that nerdy guy from the polar express.,0
"It's simple. Ask a person if they're Asian. If the first words out of their mouths are anything other than yes, they are not Asian",0
It's killing me seeing gays treated like that,0
Islam and Christianity have mixed for centuries so the idea that we cannot coexist is an ignorant idea.,0
In the US that same game was called ten little Indians. I know.. It's boring,0
IM GAY AND FUCKING PROUD FUCK BITCHES LIKE THESE PEOPLE,0
"Im bisexual but im not looking to hook up with whatever. And i havent come out yet. Im scared, really scared.",0
If your face was used on the inside of a jack-in-the-box there would be an epidemic of children dying from shock and disgust.,0
"If you had a Winnie, even tinnie, and flat chest I would hire you miss. Now no way.",0
If it takes you a year of interviewing to come to these very basic conclusions how brain washed do you have to be. Damn.,0
"I'm beginning to doubt your accuracy, I mean violent Canadians? That's just absurd.",0
"I'm an Asian immigrant who came to the states when I was 16. Growing up and living in midwest, I did experience lots of racism last 20 yrs. It didnt matter to them how hard I worked to become a doctor, what kind of person I was, how much I contributed to the society... racism that I experienced was purely based on my skin color and accent. And I hate to say it but probably 80-90% of my unpleasant experience was by other minorities such as blacks, Hispanics and even other asians. Yes, some Asians actually treat white customers with more respect than other asian customers",0
I would prefer a phallic world,0
I would fucking kill Jared leto,0
"i think mental illness was romanticized for a long time already. Take an example from emos, tumblr and more. I think people are really influenced by famous people. It looks beautiful because celebrities seem to have a movie like life and people want to be special and end up being delusional.",0
I see the depression caused her to gain more weight.,0
I read the title and immediately was ready to kill,0
I like this lady. Seems like a role model for both men and women on how to have an open mind,0
I hate white flour and white sugar. Are two of the three white deaths!!,0
I get out the closet this weekend to some friends...,0
"I can totally relate to this and it actually hurts, I'm also biracial white and afro-american",0
Huh kids like this with crazy eyes and weird moves lurking around are scary. Please mama of this creeper cuff him and sent him to an asylum†,0
Hit did not hit her she hit first and this is defense,0
Head looks like a big ass jelly bean,0
HE SHOT THE KID!?!? HE SHOT THE EFFIN KID!!!! BOI YOU BETTER SLEEP WITH ONE EYE OPEN BECAUSE IMMA WHOOP YOUR STUPID LITTLE BUTT TILL YOU WISH YOU WERE NEVER BORN YA HERE ME!!!! WITHERED SHALL BE AVENGED!!!!,0
he may be in a wheelchair but he's not at all bad looking! forget the trolls dude,0
He had a valid point. If your obese don't go out in public especially a all you can eat. Unless you want to see looks or hear remarks. Or just lose that weight. If you don't want to be a fat ass and you don't like what you look like change it.,0
"Handsome woman, eww..",0
guy is low IQ af,0
GUN SHOT INA YU HEAD! NO MERCY!,0
Glenn is the type of Korean dude I'm fucking into. I love his weird eyes,0
"Get proper translators idiot, he didn't say that",0
"Germans need to quit blaming themselves for the atrocities committed by the Nazi's. The same thing (shame) is happening here in the U.S. because of the past because of slavery and ""stealing"" the land from the Indians. People are getting sick of hearing that shit and the left is constantly saying how bad ""white"" Americans are.",0
Fuck off corbyn... Die or retire..,0
For the song thing I'm white but I'll say the nigga word when I'm singing songs but if I'm with a black person and it's making them uncomfortable or they ask me to stop I would out of respect.,0
feminism and Islam are of the same spirit,0
Every time that blonde lady talks I loose twenty brain cells,0
Even after just getting out of surgery you look like a bomb ass BITCHHH!! Love you and hope you're recovering fast!,0
does your little sister know you are wearing her clothes bitch tits?,0
Do people even care about the color of the persons skin or sexuality in a movie?Its just a bloody movie.,0
Do not kill people.,0
Didn't know shitted coloured like you could talk,0
Did you use the Tan or Dark filter?,0
Dessert human garbage coming to eurabia,0
Deport the fucking brainless worthless pieces of shit freeloaders after they are all shot,0
Christianity and mostly every religion was told to accept one another and give them respect doesn't mean u have to change ur religion and ur opinion just give ur respect and they are equal to u and they are human,0
Call that the Caitlyn Jenner syndrome.,0
Black women are strong as hell,0
Beautiful pink dress. Your skin is so beautiful. Your face is so pretty. Your eyes are so sexy. Your lips are so sexy. Your lipstick is perfect.,0
b bl bla blac black or w wh whi white,0
"as someone who professionally diagnosed with mental illnesses I find it disrespectful and disgusting making a profit off it. making jokes is a different story for me though, I make jokes to help me cope but there's a line between joking and being disrespectful.",0
"ANYONE who believes in religion blindly lacks the ability to critically think. Do you really want to follow rules made by people who can not critically think? Believe in your god, but have your own values.",0
And that's how black people can be peaceful,0
"All people are brothers and sisters in humanity, religions separate the people unfortunately",0
"After using them as slaves for 100s of years and stealing their all natural resources ,now europe doesn't need them let them die .",0
Aaah its the mother's fault you guys dont know how hard to take care of autistic kids huh?,0
 I'm not a Jewish enemy.,0
sons of bitches,0
how about you get real with your fake fucking selves and tell the truth that the normal minded society are the ones being discriminated against you pieces of pig shit i cant stand fake fucking cowards who lie constantly and too much of a bitch to be honest,0
Who was responsible for convincing these girls they were so pretty?,0
Go fucking kill yourself and die already useless ugly pile of shit scumbag,0
they are all fucking assholes,0
incoming racist people,0
during war discrimination is a military necessitywhen korematsus case reached the supreme court in october 1944 the attorneys for the government pointed to the constitutional war powers of congress and the president the government argued that the military must take all steps necessary to wage war successfully in the view of president roosevelt the war department and general dewitt the internment of all japanese issei and nisei was a military necessityand assuming we were at war with isis then rounding up isis would not be raciston december 18 1944 the supreme court decided 63 to uphold the conviction of korematsu the majority ruled only on his refusal to leave a prohibited military area and did not consider the constitutionality of the relocation camps justice hugo black writing for the majority fully accepted the views of general dewitt justice black also said that korematsu had not been forced from his home because of his race but because of the military urgency of the situation,0
Drink Bleach.,0
ive been trying to figure out which common american voter is more uniformed republican or democrat for years democrats do any of you have the slightest clue that obama has deported more mexicans than any other president in history,0
if they hide in the engine they would get killedthat is a stupid way they can smuggle into another country,0
jon snow the king in the north thank you for uploading this i have one small complaint he is only talking about deporting illegal immigrants not immigrants in general your title might mislead the less informed,0
"Your life isn't that wonderful. That room tells me that you're clearly an alcoholic, and you drink shit beer. Maybe stop wasting your money on shit like that Apple watch, and you could afford some clothes that dont come from Walmart, and get someone other than your mom to cut your hair.",0
You make me wanna hit the gym. Thicker than a damn snicker dammit!,0
only people to come in must be able to contribute to society not a drain on us must be able to support themselves with a trade we do not need people living off the rest of us,0
You should use your time to arrest murderers not little kids,0
you should talk with people of different races from different countries,0
You look like you kill bees for fun,0
You look like Harry Potter if he stayed under the stairs,0
"You look kinda dead inside, you parents must not haved loved you. ",0
You have the grace and composure of a rabid hyena,0
You deserve way more subscribers . The shit you say is fucking gold.,0
You can see the country is fertile and green.† just need the right governance,0
"you are a great brother to abbie, that family is changing the world! ",0
You are a brave man.........for letting them keep the comments enabled,0
You all should listen to Bill Warner PhD.....Foremost expert on Islam,0
"WTF this teacher should be expelled. That's no way to treat a disabled kid, specially an autistic one!",0
Wtf I thought you had only one sibling,0
Wow. For some reason I clicked on this. I couldn' make it through 30 seconds.,0
Wow why are these comments soo cruel and people muslims are like other religions and we should respect it!  WE NEED RIGHTS FOR MUSLIMS!!!!,0
Wow this voice and reading is the best thing in my life!!!!,0
Women are equally as strong as men. They should be able to defend themselves.,0
Why the fuck would you ask Trump?,0
"why is it censored, why does todays generation get butt hurf and offended so easily, if u dont like it, keep walking then! this use to be a free country but its going down the toilet now.",0
Why don't they have their own games?,0
why am i watching this,0
Who gives a damn we have the ability an the freedom to b whoever the fuck we want to b,0
Who ever disliked this video should be ashamed of them selfs,0
White chocolate and raspberry :),0
When your squad is complete shit in PUBG,0
When you find out he has a girlfriend,0
When u two getting married? Kid in mind?,0
When she said You complete meù I lost my shit.,0
When pain is a relief then something must be wrong,0
When lift your arms do your boobs go away? They look like mosquito bites and I feel like you were trying for the hot librarian' look but ended up with the old librarian' look.,0
"When I was a kid I was never rough with girls. However, I was scratched, bitten and pushed by girls. I still have a small scar from one such incident.",0
"When are people going to stop asking, Why are they only coming out &amp saying something now? If you have not been sexually,( mentally & emotionally) abused as a child, by an adult You are not going to understand their reasons. If they tell you why, LISTEN!! Stop asking Why now?† One reason victims don't come forward when YOU THINK they should, is bc no one will believe them. Not all cases, a lot of use are like that though. All situations are different with different types of people involved, We all have our reasons. If you're not going to listen, stop asking. You're choosing to be ignorant. Being sexually abused & ALL that comes with it, psychological abuse etc. Forever changes you, You're forever damaged & it can never be undone. Instead of looking at victims as a group, look at them & their story as their own. They're not all the same, & we will not all do the same thing after the damage has been done.",0
when† a handsome man marries a man ..we are only bite fingers,0
whats the big deal mexico has immigration laws and policies they deport people all the time nothing is said or done yet when the united states chooses to enforce its immigration laws and policies people become shocked and outraged,0
What type of question it is???????,0
What happened to rap? This right here.... This is rap ,0
What episode number was this?,0
what civilized and nice cops,0
What about bombs? Are you crazy? Go fuck yourself. Don't talk about such shits,0
"What a wonderful Angel wife. She is sooo beautiful inside and out. And he is very nice man too. This lady and a lady she is , has the most beautiful laughter i have ever heard in my whole life. This couple is what love is made of. Thankyou for this wonderful video.",0
What a luck girl she is! I wish I was just that lucky,0
"well, looks like its time to have another child",0
Well this comment sections pretty... mental,0
"Well I'm an woman and I was born in Guatemala, Em... I dont see anything wrong with Guatemala.",0
We'll walk right up to the sun hand in hand..,0
We were taught as kids to not hit ANYONE. When did that go out the window?,0
We aren't allowed to roast 12 year olds,0
We are not these bodies. We are spirit souls.,0
Way to go Dr. Peterson! You hit the nail on the head!,0
War is over they should go back home. Or not,0
Wallmart employees are cunts. Hate them all,0
Wait did the tiger get shot?,0
Video games without cars are awful. Piece of shits ,0
Victimizing yourself doesn't help,0
"Very sad for those people. i was a young boy in the 90s when Ceausescu fell in Romania and the inflation skyrocketed. But here they are on another level and looks like there is no end soon. How can this happen to one of the richest country in the world? Venezuela has the largest resource of oil in the world. When you look at Qatar, UAE, Saudi Arabia they done miracles. It looks like is not enough to have oil, you have to know what to do with it.",0
"Ugh, my heart hurt for her when she was talking about how the troll comments hurt her. You can see the love she has for him; it radiates from her.",0
U r still so beautiful and I am still watching you babe† Chat with you later my dear and lookin at you rock my world. Just saying babe,0
Trump is racist for not letting this brave woman return!!!,0
True Heavy Metal! True Feeling,0
"Transgenders have to protect each other, not fight each other",0
"Trace, I would ask you to rethink the out of Africa myth. Since the out of Africa theory was proposed, there have been many discoveries that prove modern humans existed in other parts of the world much earlier than what was thought when the OOA theory was proposed. For instance, there have been skeletal remains of humans found in Asia that are many thousands of years older than the oldest found on the African Content. It amazes me that there is so much information out there that shows older humans elsewhere on Earth but people still adhere to the falls narrative that modern humans evolved on the African continent",0
"To say that black lives matter, is not racist statement. But the B.L.M. organization itself is racist group. If they could just quit hating white people and turn that energy towards their own community, the biggest group of black oppressors there is, they might make a difference.",0
"to be honest I am part of the LGBT community and to be in their shoes for a while it hurts you a lot, you want to be treated the same way as other being. they need to see that there is people that are in their church that are in the LGBT community going their. They need to notice them and how they are people like them.",0
"To all the white people that might read this, know that I as a black man, will not criticize you based off the color of your skin. I know that there are good and bad people in all colors. Have a good day and God bless!",0
"This video was super helpful and just very nice ! If you're reading this, please stick with us, alright ? I spent eight years hating myself, to the point of almost killing myself. Key word is almost - because i'm still here, and i'm so glad i stuck around. So take care of yourselves, please, because it's going to get better, and you'll want to be there to see it. All the love to you, Jack and Kati, and everyone out there. ",0
This time the tables have turned,0
This reminds me of me & my husband. I have rheumatoid arthritis & permanent damage in my ankles. I could not walk for 4 days recently AT ALL. My husband is my caregiver when he is home & my RA is so bad I can't walk. I have 2 wheelchairs & my husband often pushes me when we go out when I can't walk. I have canes EVERYWHERE. These 2 are SO CUTE! She is lucky to have him to reassure her. He's lucky to have her to laugh with.,0
This literally made my emotional bi ass cry,0
"this is my theory on the whole thing, was Michael strange yes , but his circumstances growing up he didn't have a childhood and I believe he was trying to be a child for the first time , I remember at the time it was happening just wondering why the parents would let their kids sleep with Michael . it is strange for an adult to be sleeping with the kids I know I sure wouldn't but then again I didn't grow up like Michael Jackson. these two men have had plenty of time to come out about Michael and they choose tell after he dies , their families were set up the whole time they were staying at Michael's house and I don't believe anything happened and if it did it was the parents fault more than anyone's would you let your kids sleep with Michael for any cost? I just have to take Michael's side on this since he ain't here to defend himself",0
This is fake u liar bastard. He is ur actor u liar bastard,0
This is a staged scene there is no license plate on this truck and it is a refrigerated trailer look at the facts people you can't drive a commercial truck down the roads of Texas without a dot cop pulling you over don' be fooled this whole thing doesn't add up,0
This guy gets my nerves!!!!† I'm a Christian who is a transgirl. Too bad for him,0
"this doesn't† represent mental illness correctly at all, it doesn't just randomly appear its always present",0
This documentary is on point. This helped me through class ty boy,0
"this actually makes me so angry. people are just stupidly looking for attention and want to make themselves feel like the most important human on earth. nobody pretends to have cancer or any dangerous physical illness too so why pretending to be dEpReSsEdù and aNxIoUs. nobody should ever feel this way the way it really feels. He has no mental disorder, that's a fact.",0
They must be really suffering if they're throwing food all over the ground for the pigeons.,0
they could have shot him in the legs no one gets in risk of dying,0
"They are the most calm and patient police ever, also, did the bald police man just get stabbed?",0
"They are forgetting Russell Crowe 's performance in A Beautiful Mind. I know schizophrenia, and it was spot-on.",0
These were the days!,0
"these videos may already feel long but their responses are cut so short and not given a true voice. I would love if you produced fuller videos so we, the viewers, can really hear what these people have to say because these are all topics that are not common among today's people. It's rewarding to hear insight from both sides no matter the topic.",0
These boys will then grow up with people making fun of them and they will then hate their parents for ruining their lives.,0
There's not anything to refute because its just a massive cope lol.,0
There's a lot of confusion about male/female vs. masculine/feminine.  They don't always line up.   And nobody seems to ask why there are so many more male to female transexuals than female to male?,0
"There isn't too little land, there isn't inefficient land use, there aren't too restrictive land use policies, there are TOO MANY PEOPLE.",0
There are so many errors XD,0
Then the same people choosing the same answer,0
The Veil of Isis is also a great song by The Sword.,0
The pure misery in these men's eyes it's heart breaking. God bless them!,0
The problem here is that the people don't listen to the people. I feel as if people on both sides would actually listen to one another they would learn something.,0
"The most peaceful religions came from India like Buddhism, jainism etc.",0
the guy (guessing) in the wheelchair was so sweet awh!!,0
The girl in the thumbnail looks badass,0
The girl in the dress reminds me of opal from bird box,0
The eye contact never lies,0
the engagement ring story outrages me more than it should have.,0
The degree of improvement is amazing. My father donated stem cells to my uncle and cured his lymphoma. Stem cells are the future of medicine.,0
The dark cloud is the side of you that you cannot fully understand but its your alter ego that you need to accept or you'll be deprived of your superpowers.,0
The blonde lady and the dude in the orange shirt had me quaking,0
The 100 people that disliked this are just salty that we are stealing your dates.,0
That's their problem and no one should interfere with their own way of life. If someone is unhappy they can try to escape.,0
"That's Hip Hop. Not the sh***t they bring today. Where are the critical minds of our time. If no one will come out I'll do it myself. Racism, Oppression, Hate still is very much there in 2019.",0
That's a terrible photo to use.,0
that song is fucking awesome.,0
that is the most beautiful right hook ive seen. what a hero!,0
That hair cut makes you irresistible,0
That guys chin strap bothers me man....idk why.,0
Terrorists are not Muslims They are just using name of islam,0
Terrorism has no religion Terrorism is a cancer need to be wipe out. RIP to all victims,0
"Tell me now ""Whose the terrorists again ""???",0
Technically ISIS is a CIA/US creation so...,0
T-Rex mated with a donkey,0
Sweden is so cool !,0
Support gay pride,0
STOP. DRINKING. COW. MILK. Do people realize that for a cow to produce milk it has to get pregnant? and for people to have such milk the calf cant consume any of it? Do they realize that puss and blood is found in milk and that the milk at the grocery store is only 5 to 10% milk and the rest is just powder and water? Gross.,0
"Stop war. Lead, Radiation, chemicals is killing this earth. Share, care, sympathy, and empathy most of all Love is needed in this world.",0
Statistics show that if you support don lemon or you agree with him or if you think he's intelligent then you're overwhelmingly ignorant. Don't blame me that's just facts,0
"Son, the greatest lesson I can teach you is this: Don't tell your troubles to others. Because if you tell ten people of the problem you are having. Seven of them won't care, two of them will laugh at you behind your back. One of them will tell you to deal with yourself.",0
Some of the lyrics are wrong,0
Society is fucked for sure. And that's everyone's fault,0
"So when i scroll down to read/leave a comment and scroll back up they blue like thumbs up goes away, it has done this 4 times in a row now. Hmm is it just a glitch or does YouTube remove it when they think you will just leave the video without checking? This happens a lot but only on channels like this.",0
So sorry about this bombing attack in Manchester. Innocent people just died,0
So how long have you lived in your mother's basement?,0
Slow down the cuts between shots. Way too fast.,0
Short answer: if you are a murderer or child molester that is the natural choice.,0
"She's a really courageous woman! She is one of the most impressive women I've ever listened to. I appreciate† her film, and I certainly wish her continued success and happiness. She is definitely a cut above both as a filmmaker, and most especially, as a person! She is an incrediblely remarkable woman!",0
She the one being tense,0
She is flawless. omfg,0
"Salute to this woman in Hollywood! You are so human, my lady. I love you",0
Responsibility is something that needs to grow inside of everyone,0
relax and do something...wink wink. hahahahaha! totally enjoying your videos! you both are super yummy!,0
Red pill activism should be a thing.,0
Read this sentence slow,0
put the speed on 1.5 its so good!,0
Pokemon is the best game ever,0
"People in 2019 keep it that of racism ???... I'm puertorican, my grandma is native, my grandpa black, my mom is ""mulata"" , my dad is white. I'm white skin green eyes, flat nose, big lips... Haha What raze should I date??... I gonna tell you something- I love all kind of womens all of shapes, but curvy, Latinas, white, black, asian, arabian. I dnt know but every single raze and person have different type of beauty.† So lets keep racism down in the floor and rise the love for the humanity. And everybody have the personal choose of dating who's more attractive to them. I choose the mix between white and black. We call mulata...Happy life!!!",0
"people have rights to follow there own religion, if they try to force people not the following there religion then that country running a dictatorship, hopefully soon there will be change in low by the international pressure,",0
People hate you People think your ugly† People think your a horrible person Well guess what† No ones name is people,0
"People are scared of change and things they don't know or understand! There's good and bad in every race, religion and culture!",0
"People are individuals. Look at character and behavior, obviously. Race? Meh. That tells you a genetic geographical trait, and that's about it.",0
"Our world should be ashamed, the west should live with the knowledge that we did nothing to stop this until it was far too late.",0
"Omg, Macklemore is iconic and I love him.",0
Omg that is awesome so much hate but stay positive,0
"OMG Lucas !! Such a great kid, such a big grow",0
"Okay first of all Drag is not a fetish. It can be but it's not inherently meant to be. It's performance art. Its† a mature form of performance art. Its literally grown ups playing dress up. But yes it's highly sexualised as with anything catered to an adult audience so i think it's downright disgusting to bring your 5 year old child to a drag convention where literally companies† have booths selling sex toys. Its not progressive to let your kids perform seductively infront of an audience, its creepy.",0
Oh god F*CK I'm crying,0
Not only the politicians are going into the wood chippers but also the police.,0
"No shower for two days? I bet you smell like Doritos, Mountain dew and shameful sweat.",0
No need to lip sync just get your mic and put it closer to you and you'll sound fine,0
no fucking way a machine would recognize that shit LOL,0
"No body can change their biological sex, but they can change their gender.",0
"Nice concept, good story but poor act. Try harder next time",0
"Next on your list, pierce your face with a katana.",0
My sons school had someone in doing a talk for autism awareness he himself was autisic. He made aware that animals can be autisic too and introduced a picture of his pug lola whom is also autisic which I found interesting. My 10 year old son is autisic,0
"My smile is beaming, my skin is gleaming! YUH",0
My grandma had a roommate who was a drag queen I had drag queen knwonledge at 11 and what was cool lol,0
"My fav is to ask her out, explicitly defining it as a date.  Try it. It works.",0
"My cousin has that, he's 7 but still can't talk properly like a 1 year old. He's sensitive to loud noise or crying noise. It's hard to talk to him but I still love him cuz he thinks of me as one of his favorite person besides his mother.",0
My car is my love of my life. I fucking love this bitch. It's fast and it makes me feel complete ,0
My best friend is muslim. And he is the best man in the world,0
"Much love to you, thank you for your courage. Keep speaking your truth",0
Moving from France to Spain will be a motherfucking big change,0
Maybe I'm crazy. Maybe I'm not. I really don't care if you try to fuck with my brain but ill stand strong bitch,0
Masterful. Love & pain in this here post,0
Love the videos,0
LOVE IS LOVE† ROSES ARE REDS VIOLET ARE BLUE HAPPINESS IS ALL COLOR'S† LESBIAN IS BLESSING† BISEXUAL IS BEAUTIFUL† GAY IS MARVELOUS! ROSES ARE RED VIOLETS ARE BLUE† IM GAY AND SO ARE YOU AND WE ARE HAPPY THAT WAY¬† ¬† DON'T BE RUDE BE RESPECTFUL FOR LGBTQ PEOPLE ITS LOVE AND LOVE IS AMAZINGLY IMPORTANT AND BEAUTIFUL WE ARE ALL HUMANS AND WE ALL LOVE NO MATTER WHAT,0
Love being roasted,0
Lots of Loving ppl in world but unfortunately due to presence of few percentage of dead souls Make world Look like Hell,0
Lots of haters out there and for no reason at all,0
"Lmao, fucking hilarious",0
Literally the reason why I'm deleting my Instagram account. Sick of this fakery.,0
LILLY SINGH IS A QUEEN! Yay but when will be the next episode,0
Lauren is SAVAGE. love her,0
Lady Gaga is the Freddie Mercury of our generation,0
Just wanna know how the fuck did this show up on my home on YouTube. So damn disturbing..,0
Just kidding but I know how It feels,0
Japanese culture is ancient and unique,0
japan only rejected 99 they should reject all those mother fuckers,0
"Ive had panic attacks due to nothing. Or at least i wouldnt know what wouldve triggered it. My question is, is that normal?",0
Its a challenge can anyone do it in reality,0
It's not guilt. It's stupidity on a scale unknown in human history.,0
"It's like you can't do anything without someone saying it's wrong cause of other people ,it's a joke people.",0
It should be humanity first before any country,0
It is very easy in Seattle for a wheeler! but it is not the same in all towns and countries! ,0
It is time for Trump to find a natural death or somehow a bullet finds him and puts us out of his misery.,0
"It doesn't matter if you're black or white, gay or straight, woman or man, trance, disabled, Dyslexic or intelligent we all are people. Quality!",0
Islam is the true religion. believe it brothers,0
Is there still a Job like this I would like to take it. Thats not a Joke!,0
"Is that the dude who walked into the room, kissed the girl on the cheek, then left?",0
"Incredibly fucking annoying voice, but reasonable arguments. I agree",0
"In the UK, there is a maximum of five years prison sentence for this abuse .. whether male or female! It is non-gender specific. It does not matter who abuses the most, it happens to both genders, and the law does not discriminate by gender",0
"In my opinion, God loves us all for who we are, no matter your sexuality, gender, races, religions or anything.s your actions and personalities count.",0
"In a world full of hate remember to light up the darkness, as this world is but temporary.",0
Im very glad to have friends,0
Im lesbian and proud im happy my friends accept me but i dont know if my family does but i dont care what anyone says im proud to be a lesbian,0
"Im from the philippines. When i go outside the country, they think im chinese but does it matter to me? Nope. Asians who grew up and living in Asia dont make a big deal bout this. Not sure why in America it's a different story.",0
If you search 'couple goals' there's a picture of Danny & Aaron,0
If you ever wake up one morning and want to smile because you're happy with being just who you are. Don't,0
If they see the bully bulling her i would be Hey here is the middle finger and i would record what they did so the can get in real trouble,0
"If they are so much like family, why don' they treat them like family and sponsor thier petitions?",0
If theres any Jikook shippers who ship them romantically...LIKE THIS VID AND THE COMMENT NOW,0
Iconic woman she's done so much for the UN,0
I'm very sad about this fucking situation with all this muslims,0
I'm an arab and I can make a difference. And I see them as stylish people,0
I'd like to see a because I'm black compilation video,0
"I'm white, I'm proud to be white, I love diversity and people of all nations.... lets move on. :)",0
I'm sick and tired of this black and white thing....can't we just stop and let's be happy for just one day.....we are all one let's stop this please... One love and peace.,0
I'm glad someone finally also brought light on the pay gap in asian countries (description of video) because frankly often it is only focused on the US where the pay gap is really small already compared to asian countries. (in the US it's about 6%),0
I'm a male I would fight for women rights because we all are human,0
I'm a British born Muslim who helps Slovakians and other immigrants from that region. My faith has taught me to respect and honour. ¬† These are strange times.,0
I'm a bisexual but never had sex. I'm 31.,0
"I'm  heterosexual and African by birth, by breed and by character... and a very traditional man, Xhosa to be precise. But i still believe in human rights... we are all equal, whatever  religion, ethnicity, demography, tribe or language... we are all equal. And one day people will be free enough to love and date whoever they wanna without prejudice and judgment. 2019 Viva human rights viva",0
I would order a bucket of ice cold water so I can pour it on him,0
I work 10 hour shifts starting at 4 am. I don't know if I can effectively cut caffeine.,0
"I wish him the best, as well as his children.",0
I wish everyone had a father like him so loving and caring,0
I was just recently dancing in the club with this song oh man I was grabbing some ass that was blast next day my legs hurts so bad,0
"I was hoping you'd post a new video!! I know you're busy, of course, but you're just so interesting, I wish you'd post more ",0
"I was clinically depressed for a while and this blew my mind. Due to me having stress I don't say 'oh man I'm getting anxiety' or 'ugh I'm so depressed'ù because all that does is brings attention I don't want. The fact that people make these illnesses a fashion merch makes me feel like everyone is looking in my or other people's directions. Memes are relatable,funny, and relieving. When he said 'Do people who post these memes have a mental illness or are they just doing it for ..'ù it made me wonder a lot Now Ik what people are capable of nowadays",0
I want to draw you something but I do not know where to send it. Do you have an instagram? ^^,0
I want people to throw Skittles at me at my wedding,0
I very much appreciate the Asian woman's smarts.,0
I think black and white are just labels. People can live together in piece despite colour dismatch,0
I support lgbt i want youre support for lgbt in pakistan,0
I still have not come out to my family about being Bieber and I'm just tearing up,0
I ship you guys please get back together,0
I remember that scene from the X-Files and it made me so mad  Mulder WHY,0
I really wanna be in a public experiment like this myself as I am a trans man. Happy I can at least watch WWYD doing it. Please do more experiments with trans men/ transgender people in general.,0
"I really like a lot of what you said here. I feel like i can barely speak up about this side of the topic because people are quick to shut down those who try to be too serious about it. 'Anxiety' and 'depression' and 'mental illness' have almost become buzz words. It seems that a lot of people don't know how difficult it is to really suffer and feel out of control of it all. As you spoke about, there's a fine line these days between awareness and influence. People get ideas in their heads and see the memes and the relateable content and start linking everything to their own lives. Before you know it, you've got perfectly healthy people being tainted by the world and people around them, imposing problems upon themselves and making life more difficult than it needs to be. It desensitises the whole situation and now I have people coming to me with real problems who don't want to speak up because of the upsurge in people talking about it. They feel they wouldn't be taken seriously. And that's horrible. I do understand though that it's an impossible seesaw to balance since so many people are involved and so many minds with a million ideas and actions are impossible to control and have on the same wave length.",0
I pray to the god of the heavens and the Earth bless the victims of Boko Haram.,0
I love bi girls and lesbians,0
"I just want to sit down with both of them, buy them a drink, and just talk. I don't care what it's about, they just seem like people who must be great to have a conversation with.",0
I just love hypocrisy. Am I sick?,0
I have started writing a book.,0
"I have autism, yet i have alot of friends",0
I have a schizophrenia and I fight alone,0
I hate being alone at night. Its fucking creepy,0
I got my first one today on my bday. I smoked too much weed. I thought I was going to die. Scariest shit ever. This is definitely useful so thank you.,0
I feel so dumb I want to have even labeled them as disabled even if I knew them.... when I think of disabilities and especially in terms of affecting one's relationship I think of more like mental disabilities or so serious that you can't use ur body. Thank you for enlightening me and I'm sorry.,0
I feel like they should give the reporter a pistol or something to protect himself,0
"I fear any future hate crime victim may well be labeled as just ""pulling a smollett"".",0
"I failed one little test and my mom got scared and said, ""You're moving with your auntie and uncle in Alaska.""",0
I don't understand why people get mad at the things that he says he has  A right to his opinion Just because he doesn't agree with you that does not make him a monster or evil person. It's annoying in 2018 on you to 2019 people are operating with an extremely sensitive Ignorant mindset if you don't agree with them,0
"I don't see why we don't just create a transgender category. Seems the most obvious and fair solution. Great athletes will still compete. And the playing field will be as level as can be.  I mean we create weight categories to maximise the fairness of boxing/mma fights. We recognise that just because two people are both male they compete at different levels.  We can do the same for transgender athletes, surely?",0
I don't know but I don't trust¬† this guy's... It's all about the money... Plss let the dead in their world stop making shows...with his death..couse u didn't have ballssss when he was alive...,0
"I don't have any facts, I don't have any Statistics, I am a Human Being The fuck is that even mean?",0
"I don't care what people say these two fuckers are lying,the Facts are stacked against them I hope they going to pay for this smere campaign",0
"I could not be as brave if I lost my son and husband, bless her strength and kind heart.",0
I could just cuddle with him,0
I cant understand why someone would think it's ok to bullie someone,0
I cant be the only one that thinks this kinda sounds like make me cry by Noah Cyrus,0
I can smell the failure through my phone screen,0
i came from a small country in asia and not that much people doesnt know that every time i travel to somewhere else people ask me so are u chinese? or japanese? or korean? srly every country isnt china or japan or korea in asia,0
I bet they had jobs.,0
I am so sorry for all the people who disrespect all you guys and I wish I could do something† so they wouldn'. But I can' but you guys know† I love all you guys.,0
"I am proud to be white I cant believe that some of these people said that they weren't proud to be white?? I'm proud to be white. I didn't choose my race, so just own it. Be proud to be what your are. You're black? Be proud to be black. Being proud of one's race/culture isn't exclusive to just POC or anyone else. Again, you are what you are so just own it.",0
I am possessed by deamons ,0
I adore her voice. She is so talented. What a beat!,0
How much is this lawyer getting paid to go through all of this? It's not that much money in the world to take up for this fool!,0
"How do you wake up and think this is actually cool? Like do you honestly believe that the average person, who adheres to normal and basic societal rules, looks upon you respectably in any manner?",0
Holy shit I want to go to a wedding with eight pugs! Are you kidding me? Eight pugs?! That's fucking amazing and nobody can convince me otherwise.,0
hollywood is the most bizare sickest and evillest industry,0
His eyebrows probably represent his parents relationship,0
Hey dude. You re awesome. Pls teach me!!!,0
hey baby you look like tinkerbell luhlulhulhulhulhluh,0
Here in 2019. May history be on the right side this time.,0
Her smile is SO beautiful omg! Continue being who you are!,0
Head is the shape of a light bulb,0
He's got the hottest man tits i've seen.,0
He was so handsome in that era...he didn' use lipsticks at that time,0
He smiles while talking about drowning his own children,0
He seems like the very talkative taxi driver,0
He has lower iq than when water freezes,0
Has anyone cried in front of their parents and feel totally ashamed and invaded afterwards ?,0
Great video! Thank you ,0
Gosh you guys are getting less funny with each episode.,0
Goosebumps when the beat drops ,0
"Good for him! That's an EDUCATED man, right there!",0
"God,my humble question to u almighty... Y u send them to earth to suffer?",0
God bless you dears,0
Girl:(anxiety attack) Dog: you good bro?,0
"Gay. Straight. Homo. Lesbian. How about 'People"". Hmmm. Love you ALL!",0
Gas should be your preferred drink,0
Fucking good punch dude,0
For the static sound - what do you use for editing? I know it's annoying but if you use premiere pro you should be able to use decrackling to help a bit,0
Finally someone who means what he says. It's been a year and I'm still cackling.,0
Finally figured out where that voiceclip came from... I'm so happy,0
Fake news fake news,0
Facing challenges is hard to go through.,0
Every publicity is good publicity ha ? I'm here after watching leaving neverland i don't know he is guilty or not but in music he is a legend and no one can take that from him,0
"Even watching it on screen feels intense....imagine what they would be feeling to witness this horror first hand. To just be there takes some courage, let alone even touching the dead.",0
Even straight boys played with Barbies when they were kids! Not an issue.,0
"Equal pay message, um, says the guy who want socialism in the United States of America",0
Enough is Enough,0
dunno if this makes me disabled but I have asthma so if there was any running or stairs involved then il just die from suffocation in my own lungs haha xxx,0
Dont do drugs kids...,0
Don't ever kill yourself no matter what other people think or say about you it just matters what you think about yourself and how you feel,0
Do you know why he is smiling because there is no excretion lawù in New Zealand! The max sentence he will receive from a judge is no more than 27 years in prison! Is this justice? Or because Muslims lives don't matter!???† :(((,0
Do you know how much boys are in a abusive relationship right now? This disgusts me.,0
Did anybody actually know that h3h3 was a reaction channel,0
Depends on whether or not Ryan Reynolds is in the room,0
"Delightful!¬† Brought back some memories . . . . † Have a wonderful week, guys!",0
Damn that made me laugh!,0
Dad doing her hair so cute !!!!,0
Cutting fundings is just going to make the problem worse,0
Conveniences are all the real,0
congratu-fuckin-lations to all the pitbull owners who make it by without getting bitten. DO NOT ENCOURAGE PEOPLE TO FOLLOW IN YOUR FOOTSTEPS. i know people whose lives have been RUINED by these animals. regardless of your ''PACK MENTALITY'' these dogs are rage machines and your dodgeing a bullet every day they dont hurt your family.,0
Civil rights movement for transgendered people,0
"Children have no business developing their 'sexuality"". THEY ARE CHILDREN! LET THEM BE KIDS!",0
"Child abuse, manipulation etc. What the hell are we transforming this world into??? How sick mind can people have and how stupid can others be to send their kids there???",0
Certainly you can. You can make it illegal to use them. Boom. Done. It's solved.,0
Can't wait for the music video!!!!!,0
Can't tell if you're a pedophile victim or a pedophile.,0
"Can' you all see how absurd it is? Calling all white people racist, calling all black people criminals, it's all the same. Why does race even matter? Why can' we judge terrible people not terrible white people?",0
"can we not fucking explain the whole song and just appreciate billie's voice? she's a fucking angel man and she doesn' need explanations about her songs. just listen, and enjoy it.",0
Can I get a shoutout pleaseeeeee I only have a little bit of people :(,0
"Buy lethal guns ... Real ones, not toys!",0
Buy a pc game call camp buddies trust me you haven't seen anything yet,0
"Bruh I would fuckin love to film a video with Maurice man, he is like an older black version of me I swear to god",0
broke my heart to see the young boy claim his allegiance,0
Bro..your channel needs to grow man,0
Bottles are beautiful on the inside and out,0
"because people becomes evil easily, it is in our genes",0
Beautiful in every way!,0
Be aware of the girl in class who doesn't know how to control her emotions because she doesn't understand that it's not socially acceptable for someone her age to have an outburst.,0
Awful. Such a terror coming from nowhere. Felt for him,0
At the end you literally described yourself as a gold digger,0
At that point you have a right to defend yourself... But the sad thing is I bet if he would have defended finale he would have gotten in trouble... Sadly he did the right thing but sufferd greatly...,0
As having friends whom are part of the LGBT+ community and being a supporter of them and I think this is awsome and in middle school,0
"Archeological evidence is clear, europeans have always taken care of each other regardless of disability, and we will never stop until there is no more disability! Are we just cool or what, turns out that disabled people take care of us to, and together we are even cooler!",0
"Apple is trying to be that one company that the whole world basically depends on in the future. (You know, those future movies where one company does everything.)",0
Anyone should leave their partner at the very first sign of abuse,0
anyone else get full body numbness that lasts for weeks and rapid muscle spasms and 'shock' feelings when trying to sleep at night? I can only sleep once every 48 hours :(,0
And we have alot of Democrats who support this bullshit.† DRAIN THE SWAMP!,0
and we can all make america grea- ..... make america better,0
America is the greatest country. That aint lie you know that I know that,0
Always been impressed with how professional and non aggressive british cops are yet they still get the job done hats off American police need to take notes,0
All these women have such obvious respect and admiration for each other,0
All of these clueless reporters comparing themselves to Cronkite and Edward R. Murrow and they can't even get through a teleprompter read-through without hitting the floor.,0
"ALL LIVES DO MATTER NO MATTER IF YOU R BLACK, WHITE HISPANIC ,MUSLIM, JEW, ATHEIST , CHRISTIAN.....PERIOD.",0
All I know is that my disorder ruined my fucking life.,0
"ADIDAS for you means ""All Day I Dream About Snacks""",0
ABUSERS ARE NOT JUST MEN. THEY CAN BE WOMEN TOO,0
"Absolutely excellent as ever, and yes, cycling is fabulous for mental health.. bike when you're happy, bike when you're sad, shout at the rain, scream inwardly at a complex hill climb and get that endorphin rush from being outside.. and smile at your fellow cyclists (and passing chickens, in my experience, a wee bwark at a chook makes many things better)",0
"A man's chance of getting cancer is 44% and 23% of men will die from cancer, 38% of women get cancer and 19% die.",0
2 comments 4 likes and no views gg youtube,0
Nah cut it off Im sure I won't regret it ',0
" Oh and NIki pronounced mademoiselle Maupin way better than Siri did.""",0
 I just wanna make you feel okay,0
 From the midnight sun where the hot springs blow,0
 Don't say I'm not your type,0
 And therefore never send to know for whom the bell tolls ,0
 And I can't stand another day,0
" All values, unless otherwise stated, are in US dollars.""",0
